MUNICÍPIO,TOTAL_INFANTIL,CRECHE,PRE_ESCOLA,TOTAL_FUNDAMENTAL,ANOS_INICIAIS,ANOS_FINAIS,TOTAL_MEDIO,MEDIO_PROPEDEUTICO,MEDIO_MAGISTERIO,MEDIO_TECNICO,MEDIO_PROFISSIONAL,ITINERARIO_FORMATIVO_EXCLUSIVO,TOTAL_EDUCACAO_PROFISSIONAL,EPT_CURSO_TECNICO,EPT_TECNICO_CONCOMITANTE,EPT_TECNICO_SUBSEQUENTE,EPT_ITINERARIO_FORMATIVO_TECNICO_PROF_EXCLUSIVO_CURSO_TECNICO,CURSO_TECNICO_MISTO,CURSO_TECNICO _INTEGRADO_EJA_MEDIO,TOTAL_FORMACAO_INICIAL_CONTINUADA,CURSO_FIC_CONCOMITANTE,CURSO_FIC_INTEGRADO_EJA,ENSINO_MEDIO_ARTICULADO_ITINERARIO_FORMATIVO_TECNICO_EDUCA,FIC_ITINERARIO_FORMATIVO_TECNICO_PROFISSIONAL_EXCLUSIVO,TOTAL_EJA,EJA_FUNDAMENTAL,EJA_MEDIO,TOTAL_EDUCACAO_ESPECIAL,EE_CLASSES_COMUNS,EE_CLASSES_EXCLUSIVAS
Acari,0,0,0,19,0,19,29,17,0,12,0,0,12,12,0,0,0,0,0,0,0,0,0,0,6,0,6,32,32,0
Açu,0,0,0,49,15,36,70,43,0,48,0,9,48,48,0,36,0,14,0,0,0,0,0,0,22,19,14,130,130,0
Afonso Bezerra,0,0,0,19,10,9,17,15,0,16,0,0,16,16,0,0,0,0,0,0,0,0,0,0,0,0,0,30,30,0
Água Nova,0,0,0,0,0,0,7,7,0,0,0,0,0,0,0,0,0,0,0,0,0,0,0,0,0,0,0,7,7,0
Alexandria,0,0,0,26,0,26,29,18,0,12,13,0,25,12,1,1,0,0,0,0,0,0,13,0,9,0,9,51,51,0
Almino Afonso,0,0,0,24,9,15,15,12,0,15,0,0,15,15,0,0,0,0,0,0,0,0,0,0,0,0,0,36,36,0
Alto do Rodrigues,0,0,0,0,0,0,36,19,0,18,0,0,18,18,0,4,0,0,0,0,0,0,0,0,10,0,10,36,36,0
Angicos,0,0,0,33,11,22,30,29,0,15,0,0,15,15,0,0,0,0,0,0,0,0,0,0,9,9,0,51,51,0
Antônio Martins,0,0,0,21,6,15,15,14,0,0,10,0,10,0,0,0,0,0,0,0,0,0,10,0,0,0,0,22,22,0
Apodi,0,0,0,83,26,65,73,57,0,44,40,0,59,44,0,17,0,0,0,0,0,0,40,0,10,10,0,124,124,0
Areia Branca,0,0,0,41,15,26,41,38,0,16,0,0,16,16,0,0,0,0,0,0,0,0,14,0,18,13,15,70,70,0
Arês,0,0,0,0,0,0,24,22,0,19,0,0,24,19,0,0,0,0,10,0,0,7,0,0,10,0,10,25,25,0
Baía Formosa,0,0,0,9,0,9,14,14,0,0,0,0,0,0,0,0,0,0,0,0,0,0,0,0,0,0,0,22,22,0
Baraúna,0,0,0,9,0,9,35,35,0,0,0,0,0,0,0,0,0,0,0,0,0,0,0,0,0,0,0,43,43,0
Barcelona,0,0,0,0,0,0,9,9,0,0,0,0,0,0,0,0,0,0,0,0,0,0,0,0,8,0,8,9,9,0
Bento Fernandes,0,0,0,10,0,10,12,11,0,0,11,0,12,0,0,0,0,0,6,0,0,0,11,0,7,0,7,12,12,0
Bodó,0,0,0,0,0,0,5,5,0,0,0,0,0,0,0,0,0,0,0,0,0,0,0,0,0,0,0,5,5,0
Bom Jesus,0,0,0,24,12,12,21,18,0,16,0,0,17,16,0,15,0,0,0,0,0,0,0,0,15,2,13,35,35,0
Brejinho,0,0,0,23,11,12,23,19,0,23,0,0,23,23,0,0,0,0,0,0,0,0,0,0,7,0,7,40,40,0
Caiçara do Norte,0,0,0,18,0,18,17,17,0,0,0,0,9,0,0,0,0,0,9,0,0,0,0,0,18,9,14,20,20,0
Caiçara do Rio do Vento,0,0,0,16,6,10,11,11,0,0,11,0,11,0,0,0,0,0,0,0,0,0,11,0,10,0,10,17,17,0
Caicó,0,0,0,109,20,89,95,81,0,37,40,0,63,37,1,59,0,34,0,0,0,0,53,0,62,39,40,172,172,0
Campo Grande,0,0,0,12,4,9,18,12,0,10,0,0,11,10,3,4,0,0,0,0,0,0,0,0,7,7,0,29,29,0
Campo Redondo,0,0,0,8,0,8,20,20,0,0,0,0,0,0,0,0,0,0,0,0,0,0,0,0,7,0,7,24,24,0
Canguaretama,0,0,0,30,0,30,63,52,0,22,17,0,39,22,0,9,0,0,0,0,3,0,17,0,33,5,32,79,79,0
Caraúbas,0,0,0,50,25,25,51,38,0,13,0,0,13,13,0,0,0,0,0,0,0,0,0,0,13,2,11,81,81,0
Carnaúba dos Dantas,0,0,0,16,0,16,23,23,0,0,0,0,0,0,0,0,0,0,0,0,0,0,0,0,15,12,15,25,25,0
Carnaubais,0,0,0,19,9,12,18,16,0,17,15,0,18,17,0,0,0,0,0,0,0,0,15,0,9,0,9,32,32,0
Ceará-Mirim,0,0,0,139,53,87,149,122,0,49,10,0,59,49,0,26,0,7,0,0,0,0,10,0,50,35,25,249,249,0
Cerro Corá,0,0,0,20,3,19,24,22,0,21,0,0,21,21,0,0,0,0,0,0,0,0,0,0,15,0,15,29,29,0
Coronel Ezequiel,0,0,0,8,0,8,13,11,0,13,12,0,13,13,0,0,0,0,0,0,0,0,12,0,0,0,0,13,13,0
Coronel João Pessoa,0,0,0,0,0,0,5,5,0,0,0,0,0,0,0,0,0,0,0,0,0,0,0,0,5,0,5,5,5,0
Cruzeta,0,0,0,21,13,9,15,15,0,0,0,0,0,0,0,0,0,0,0,0,0,0,0,0,0,0,0,27,27,0
Currais Novos,0,0,0,35,10,25,75,58,0,29,32,0,49,29,7,17,0,7,0,0,0,0,57,0,23,17,20,103,103,0
Doutor Severiano,0,0,0,0,0,0,18,18,0,0,0,0,0,0,0,0,0,0,0,0,0,0,0,0,0,0,0,18,18,0
Encanto,0,0,0,13,0,13,16,13,0,0,16,0,16,0,0,0,0,0,0,0,0,0,16,0,0,0,0,16,16,0
Equador,0,0,0,6,0,6,14,14,0,0,0,0,0,0,0,0,0,0,0,0,0,0,0,0,7,7,0,20,20,0
Espírito Santo,0,0,0,15,0,15,18,17,0,15,0,0,15,15,0,0,0,0,0,0,0,0,0,0,11,0,11,29,29,0
Extremoz,0,0,0,75,29,50,98,74,0,24,13,0,37,24,0,0,0,0,0,0,0,0,13,0,33,10,29,138,138,0
Felipe Guerra,0,0,0,7,0,7,18,14,0,0,18,0,18,0,0,0,0,0,0,0,0,0,18,0,0,0,0,18,18,0
Fernando Pedroza,0,0,0,13,3,10,12,12,0,0,0,0,0,0,0,0,0,0,0,0,0,0,0,0,0,0,0,16,16,0
Florânia,0,0,0,13,4,10,18,17,0,14,0,0,14,14,0,0,0,0,0,0,0,0,0,0,0,0,0,29,29,0
Francisco Dantas,0,0,0,8,0,8,9,9,0,0,0,0,0,0,0,0,0,0,0,0,0,0,0,0,0,0,0,9,9,0
Frutuoso Gomes,0,0,0,18,10,9,16,11,0,15,0,0,15,15,0,0,0,0,0,0,0,0,0,0,0,0,0,31,31,0
Galinhos,0,0,0,0,0,0,9,9,0,0,0,0,0,0,0,0,0,0,0,0,0,0,0,0,8,0,8,9,9,0
Goianinha,0,0,0,14,0,14,47,38,0,39,0,0,42,39,0,0,0,0,4,0,0,0,0,0,4,0,4,59,59,0
Governador Dix-Sept Rosado,0,0,0,22,7,15,22,19,0,19,13,0,21,19,0,0,0,0,0,0,0,0,13,0,2,2,0,35,35,0
Grossos,0,0,0,21,11,10,19,19,0,9,0,0,9,9,0,0,0,0,0,0,0,0,0,0,7,7,0,39,39,0
Guamaré,0,0,0,0,0,0,33,32,0,0,33,0,33,0,0,0,0,0,0,0,0,0,33,0,19,0,19,34,34,0
Ielmo Marinho,0,0,0,11,6,6,17,15,0,16,0,0,16,16,0,0,0,0,0,0,0,0,0,0,0,0,0,23,23,0
Ipanguaçu,0,0,0,14,7,8,32,32,0,0,8,0,8,0,0,8,0,0,15,0,0,0,8,0,23,15,10,46,46,0
Ipueira,0,0,0,0,0,0,8,8,0,0,0,0,0,0,0,0,0,0,0,0,0,0,0,0,6,0,6,8,8,0
Itajá,0,0,0,13,0,13,15,15,0,0,15,0,15,0,0,0,0,0,0,0,0,0,15,0,7,7,0,29,29,0
Itaú,0,0,0,11,11,0,15,15,0,0,15,0,15,0,0,0,0,0,0,0,0,0,15,0,0,0,0,24,24,0
Jaçanã,0,0,0,22,9,13,19,19,0,0,0,0,0,0,0,0,0,0,0,0,0,0,0,0,7,0,7,24,24,0
Jandaíra,0,0,0,6,6,0,16,14,0,16,0,0,16,16,0,0,0,0,0,0,0,0,0,0,12,0,12,20,20,0
Janduís,0,0,0,15,5,10,14,14,0,0,12,0,12,0,0,0,0,0,0,0,0,0,12,0,0,0,0,16,16,0
Januário Cicco,0,0,0,0,0,0,11,11,0,0,0,0,0,0,0,0,0,0,0,0,0,0,0,0,6,0,6,11,11,0
Japi,0,0,0,18,6,12,16,16,0,0,0,0,0,0,0,0,0,0,0,0,0,0,0,0,0,0,0,28,28,0
Jardim de Angicos,0,0,0,0,0,0,9,9,0,0,0,0,0,0,0,0,0,0,0,0,0,0,0,0,9,0,9,9,9,0
Jardim de Piranhas,0,0,0,11,11,0,29,17,0,12,0,0,12,12,0,4,0,4,0,0,0,0,0,0,10,0,10,40,40,0
Jardim do Seridó,0,0,0,18,10,10,19,17,0,18,15,0,18,18,0,0,0,0,0,0,0,0,15,0,14,7,9,33,33,0
João Câmara,0,0,0,25,0,25,83,62,0,34,11,0,42,34,0,15,0,0,15,0,0,0,11,0,29,16,19,77,77,0
João Dias,0,0,0,0,0,0,6,0,0,0,6,0,6,0,0,0,0,0,0,0,0,0,6,0,0,0,0,6,6,0
José da Penha,0,0,0,9,0,9,12,12,0,0,0,0,0,0,0,0,0,0,0,0,0,0,0,0,0,0,0,13,13,0
Jucurutu,0,0,0,37,18,26,27,26,0,18,0,0,18,18,0,7,0,0,0,0,0,0,0,0,15,12,10,57,57,0
Jundiá,0,0,0,0,0,0,8,8,0,0,0,0,0,0,0,0,0,0,0,0,0,0,0,0,7,0,7,8,8,0
Lagoa d'Anta,0,0,0,15,6,9,17,16,0,15,0,0,15,15,0,0,0,0,0,0,0,0,0,0,8,0,8,29,29,0
Lagoa de Pedras,0,0,0,14,0,14,21,19,0,14,0,0,14,14,0,0,0,0,0,0,0,0,0,0,13,0,13,20,20,0
Lagoa de Velhos,0,0,0,0,0,0,14,14,0,0,0,0,0,0,0,0,0,0,0,0,0,0,0,0,11,0,11,14,14,0
Lagoa Nova,0,0,0,10,0,10,38,37,0,13,0,0,13,13,0,0,0,0,8,0,0,0,0,0,8,0,8,37,37,0
Lagoa Salgada,0,0,0,21,5,16,32,31,0,18,0,0,18,18,0,0,0,0,0,0,0,0,0,0,14,0,14,37,37,0
Lajes,0,0,0,12,4,8,19,19,0,13,0,0,13,13,0,5,0,0,0,0,0,0,0,0,12,0,12,28,28,0
Lajes Pintadas,0,0,0,10,0,10,11,11,0,0,0,0,0,0,0,0,0,0,0,0,0,0,0,0,0,0,0,17,17,0
Lucrécia,0,0,0,13,3,11,12,10,0,0,12,0,12,0,0,0,0,0,0,0,0,0,12,0,7,7,0,23,23,0
Luís Gomes,0,0,0,25,8,18,26,26,0,0,0,0,0,0,0,0,0,0,0,0,0,0,0,0,12,0,12,35,35,0
Macaíba,0,0,0,88,16,73,123,90,0,55,20,0,65,55,0,36,0,0,11,0,7,0,28,0,63,31,50,203,203,0
Macau,0,0,0,43,18,25,37,21,0,13,29,0,30,13,0,6,0,0,0,0,0,0,47,0,16,11,13,74,74,0
Major Sales,0,0,0,0,0,0,12,10,0,11,0,0,11,11,0,0,0,0,0,0,0,0,0,0,7,0,7,12,12,0
Marcelino Vieira,0,0,0,20,6,16,14,14,0,0,13,0,13,0,0,0,0,0,0,0,0,0,13,0,0,0,0,31,31,0
Martins,0,0,0,21,6,16,20,19,0,0,13,0,13,0,0,0,0,0,0,0,0,0,13,0,5,4,5,34,34,0
Maxaranguape,0,0,0,0,0,0,12,12,0,0,0,0,0,0,0,0,0,0,0,0,0,0,0,0,11,0,11,12,12,0
Messias Targino,0,0,0,13,0,13,14,14,0,0,11,0,11,0,0,0,0,0,0,0,0,0,11,0,0,0,0,15,15,0
Montanhas,0,0,0,27,0,27,27,26,0,14,0,0,14,14,0,0,0,0,0,0,0,0,0,0,14,4,10,41,41,0
Monte Alegre,0,0,0,0,0,0,26,26,0,0,0,5,0,0,0,0,5,0,0,0,0,0,0,0,0,0,0,26,26,0
Monte das Gameleiras,0,0,0,0,0,0,10,10,0,0,0,0,0,0,0,0,0,0,0,0,0,0,0,0,0,0,0,10,10,0
Mossoró,0,0,0,563,223,350,403,331,0,223,124,0,295,223,13,82,0,27,16,0,0,0,140,0,140,104,74,825,825,0
Natal,0,0,0,1172,468,780,1096,912,0,336,230,10,532,336,15,363,0,96,62,0,13,1,427,0,445,221,310,1915,1915,0
Nísia Floresta,0,0,0,25,17,11,32,22,0,25,0,0,31,25,0,0,0,0,11,0,0,0,0,0,13,0,13,53,53,0
Nova Cruz,0,0,0,56,14,43,78,70,0,48,23,0,48,48,2,27,0,0,0,0,0,0,32,0,29,11,25,108,108,0
Olho d'Água do Borges,0,0,0,12,0,12,14,13,0,0,13,0,13,0,0,0,0,0,0,0,0,0,13,0,4,0,4,14,14,0
Ouro Branco,0,0,0,16,0,16,16,11,0,16,0,0,16,16,0,0,0,0,0,0,0,0,0,0,6,0,6,18,18,0
Paraná,0,0,0,13,0,13,15,15,0,0,0,0,0,0,0,0,0,0,0,0,0,0,0,0,0,0,0,15,15,0
Paraú,0,0,0,15,4,11,13,13,0,0,0,0,0,0,0,0,0,0,0,0,0,0,0,0,10,0,10,25,25,0
Parazinho,0,0,0,8,3,6,12,11,0,11,11,0,12,11,0,0,0,0,0,0,0,0,11,0,5,0,5,19,19,0
Parelhas,0,0,0,80,34,51,36,35,0,15,0,0,15,15,0,8,0,0,0,0,0,0,0,0,12,8,12,95,95,0
Parnamirim,0,0,0,78,0,78,277,227,0,61,20,0,81,61,0,32,0,2,0,0,8,0,56,0,52,21,40,329,329,0
Passa e Fica,0,0,0,17,6,11,25,24,0,14,0,0,14,14,0,0,0,0,0,0,0,0,13,0,0,0,0,33,33,0
Passagem,0,0,0,0,0,0,8,8,0,0,0,0,0,0,0,0,0,0,0,0,0,0,0,0,0,0,0,8,8,0
Patu,0,0,0,27,11,17,30,30,0,0,24,0,24,0,0,0,0,0,0,0,0,0,24,0,13,9,11,50,50,0
Pau dos Ferros,0,0,0,95,40,55,41,41,0,0,16,0,16,0,0,12,0,8,0,0,0,0,26,0,22,9,13,125,125,0
Pedra Grande,0,0,0,0,0,0,9,9,0,0,0,0,0,0,0,0,0,0,0,0,0,0,0,0,7,0,7,9,9,0
Pedra Preta,0,0,0,0,0,0,5,5,0,0,0,0,0,0,0,0,0,0,0,0,0,0,0,0,0,0,0,5,5,0
Pedro Avelino,0,0,0,27,10,17,17,12,0,17,0,0,17,17,0,0,0,0,0,0,0,0,0,0,0,0,0,28,28,0
Pedro Velho,0,0,0,24,12,12,24,24,0,0,0,0,0,0,0,0,0,0,0,0,0,0,0,0,12,0,12,35,35,0
Pendências,0,0,0,23,3,23,28,12,0,17,23,0,28,17,0,0,0,0,0,0,0,0,23,0,10,0,10,45,45,0
Pilões,0,0,0,14,8,9,10,10,0,0,0,0,0,0,0,0,0,0,0,0,0,0,0,0,0,0,0,12,12,0
Poço Branco,0,0,0,0,0,0,21,21,0,0,21,0,21,0,0,0,0,0,0,0,0,0,21,0,6,4,5,21,21,0
Portalegre,0,0,0,10,7,7,16,16,0,0,0,0,0,0,0,0,0,0,0,0,0,0,0,0,0,0,0,22,22,0
Porto do Mangue,0,0,0,0,0,0,15,0,0,0,15,0,15,0,0,0,0,0,0,0,0,0,15,0,15,7,12,15,15,0
Pureza,0,0,0,14,7,9,14,14,0,0,0,0,0,0,0,0,0,0,0,0,0,0,0,0,0,0,0,27,27,0
Rafael Fernandes,0,0,0,19,7,12,15,15,0,0,0,0,0,0,0,0,0,0,0,0,0,0,0,0,0,0,0,19,19,0
Rafael Godeiro,0,0,0,0,0,0,13,11,0,0,13,0,13,0,0,0,0,0,0,0,0,0,13,0,6,0,6,13,13,0
Riacho da Cruz,0,0,0,3,3,0,13,13,0,0,0,0,0,0,0,0,0,0,0,0,0,0,0,0,2,2,0,13,13,0
Riacho de Santana,0,0,0,8,0,8,14,10,0,0,14,0,14,0,0,0,0,0,0,0,0,0,14,0,4,4,0,14,14,0
Riachuelo,0,0,0,17,7,11,16,16,0,0,0,0,0,0,0,0,0,0,0,0,0,0,0,0,11,1,10,23,23,0
Rio do Fogo,0,0,0,0,0,0,28,28,0,0,11,0,11,0,0,0,0,0,0,0,0,0,11,0,0,0,0,27,27,0
Rodolfo Fernandes,0,0,0,6,6,0,13,13,0,0,0,0,0,0,0,0,0,0,0,0,0,0,0,0,0,0,0,17,17,0
Ruy Barbosa,0,0,0,0,0,0,8,0,0,0,8,0,8,0,0,0,0,0,0,0,0,0,8,0,6,0,6,8,8,0
Santa Cruz,0,0,0,79,11,70,59,40,0,33,17,0,47,33,0,11,0,0,13,0,2,0,17,0,23,16,18,113,113,0
Santa Maria,0,0,0,6,0,6,12,12,0,0,0,0,0,0,0,0,0,0,0,0,0,0,0,0,10,0,10,12,12,0
Santana do Matos,0,0,0,30,11,19,21,21,0,0,0,0,0,0,0,0,0,0,0,0,0,0,0,0,1,1,0,35,35,0
Santana do Seridó,0,0,0,12,0,12,13,13,0,0,0,0,0,0,0,0,0,0,0,0,0,0,0,0,0,0,0,13,13,0
Santo Antônio,0,0,0,78,29,53,46,45,0,16,0,0,16,16,0,0,0,0,0,0,0,0,14,0,22,4,18,105,105,0
São Bento do Norte,0,0,0,0,0,0,14,13,0,12,0,0,12,12,0,0,0,0,0,0,0,0,0,0,0,0,0,13,13,0
São Bento do Trairí,0,0,0,15,0,15,17,16,0,0,17,0,17,0,0,0,0,0,0,0,0,0,17,0,0,0,0,17,17,0
São Fernando,0,0,0,0,0,0,10,10,0,0,0,0,0,0,0,0,0,0,0,0,0,0,0,0,8,0,8,10,10,0
São Francisco do Oeste,0,0,0,0,0,0,12,11,0,12,0,0,12,12,0,0,0,0,0,0,0,0,0,0,7,0,7,11,11,0
São Gonçalo do Amarante,0,0,0,65,23,44,178,133,0,55,67,22,123,55,46,53,7,0,8,0,0,0,82,0,42,24,24,235,235,0
São João do Sabugi,0,0,0,19,10,13,17,14,0,17,0,0,17,17,0,0,0,0,0,0,0,0,0,0,20,10,11,32,32,0
São José de Mipibu,0,0,0,63,19,44,71,68,0,33,0,4,38,33,0,0,6,0,6,0,0,0,0,0,10,0,10,97,97,0
São José do Campestre,0,0,0,28,12,17,23,22,0,14,0,0,14,14,0,0,0,0,0,0,0,0,0,0,16,7,9,49,49,0
São José do Seridó,0,0,0,0,0,0,12,12,0,0,0,0,0,0,0,0,0,0,0,0,0,0,0,0,10,8,9,12,12,0
São Miguel,0,0,0,0,0,0,29,29,0,0,0,0,0,0,0,0,0,0,0,0,0,0,0,0,11,0,11,29,29,0
São Miguel do Gostoso,0,0,0,0,0,0,21,21,0,0,0,0,0,0,0,0,0,0,0,0,0,0,0,0,0,0,0,21,21,0
São Paulo do Potengi,0,0,0,16,0,16,20,20,0,0,19,0,19,0,0,11,0,4,0,0,0,0,19,0,22,11,20,34,34,0
São Pedro,0,0,0,17,8,10,20,20,0,0,0,0,0,0,0,0,0,0,0,0,0,0,0,0,10,0,10,27,27,0
São Rafael,0,0,0,13,0,13,17,17,0,0,0,0,0,0,0,0,0,0,0,0,0,0,0,0,15,6,13,18,18,0
São Tomé,0,0,0,18,4,14,17,17,0,0,0,0,0,0,0,0,0,0,0,0,0,0,0,0,15,0,15,24,24,0
São Vicente,0,0,0,24,14,10,16,14,0,13,0,0,13,13,0,0,0,0,0,0,0,0,0,0,0,0,0,29,29,0
Senador Elói de Souza,0,0,0,8,8,0,11,11,0,0,0,0,0,0,0,0,0,0,0,0,0,0,0,0,8,0,8,15,15,0
Senador Georgino Avelino,0,0,0,0,0,0,8,8,0,0,0,0,0,0,0,0,0,0,0,0,0,0,0,0,0,0,0,8,8,0
Serra Caiada,0,0,0,11,0,11,23,22,0,0,15,0,15,0,0,0,0,0,0,0,0,0,15,0,14,0,14,23,23,0
Serra de São Bento,0,0,0,7,0,7,15,15,0,0,0,0,0,0,0,0,0,0,0,0,0,0,0,0,5,5,0,21,21,0
Serra do Mel,0,0,0,0,0,0,25,19,0,24,0,0,24,24,0,3,0,0,0,0,0,0,0,0,9,6,9,26,26,0
Serra Negra do Norte,0,0,0,0,0,0,15,13,0,14,0,0,14,14,0,0,0,0,0,0,0,0,0,0,0,0,0,15,15,0
Serrinha,0,0,0,0,0,0,22,20,0,19,0,0,19,19,0,0,0,0,0,0,0,0,0,0,15,0,15,22,22,0
Serrinha dos Pintos,0,0,0,8,8,0,11,11,0,0,0,0,0,0,0,0,0,0,0,0,0,0,0,0,8,1,7,18,18,0
Severiano Melo,0,0,0,6,0,6,15,0,0,15,0,0,15,15,0,0,0,0,0,0,0,0,0,0,7,0,7,21,21,0
Sítio Novo,0,0,0,0,0,0,13,10,0,13,10,0,13,13,0,0,0,0,0,0,0,0,10,0,8,0,8,13,13,0
Taboleiro Grande,0,0,0,0,0,0,5,5,0,0,5,0,5,0,0,0,0,0,0,0,0,0,5,0,2,0,2,5,5,0
Taipu,0,0,0,25,13,12,18,16,0,16,0,0,16,16,0,0,0,0,0,0,0,0,0,0,0,0,0,39,39,0
Tangará,0,0,0,17,7,10,23,16,0,6,17,0,23,6,0,0,0,0,0,0,0,0,17,0,10,0,10,38,38,0
Tenente Ananias,0,0,0,25,6,19,15,15,0,0,0,0,0,0,0,0,0,0,0,0,0,0,0,0,10,0,10,32,32,0
Tenente Laurentino Cruz,0,0,0,0,0,0,15,15,0,0,0,0,0,0,0,0,0,0,0,0,0,0,0,0,0,0,0,15,15,0
Tibau,0,0,0,23,7,16,20,17,0,16,17,0,20,16,0,0,0,0,0,0,0,0,17,0,0,0,0,26,26,0
Tibau do Sul,0,0,0,11,0,11,28,28,0,0,16,0,16,0,0,0,0,0,0,0,0,0,16,0,0,0,0,27,27,0
Timbaúba dos Batistas,0,0,0,0,0,0,10,10,0,0,0,0,0,0,0,0,0,0,0,0,0,0,0,0,8,7,8,10,10,0
Touros,0,0,0,17,9,8,45,45,0,0,28,0,28,0,0,0,0,0,0,0,0,0,28,0,4,0,4,57,57,0
Triunfo Potiguar,0,0,0,14,3,13,13,13,0,0,0,0,0,0,0,0,0,0,0,0,0,0,0,0,9,0,9,17,17,0
Umarizal,0,0,0,28,12,16,16,16,0,0,16,0,16,0,0,0,0,0,0,0,0,0,16,0,8,7,8,49,49,0
Upanema,0,0,0,13,5,9,20,18,0,14,0,0,14,14,0,0,0,0,0,0,0,0,0,0,9,9,9,28,28,0
Várzea,0,0,0,0,0,0,11,11,0,0,0,0,0,0,0,0,0,0,0,0,0,0,0,0,0,0,0,11,11,0
Venha-Ver,0,0,0,0,0,0,8,8,0,0,0,0,0,0,0,0,0,0,0,0,0,0,0,0,0,0,0,8,8,0
Vera Cruz,0,0,0,7,0,7,26,25,0,14,0,0,14,14,0,0,0,0,0,0,0,0,0,0,8,0,8,27,27,0
Viçosa,0,0,0,0,0,0,7,7,0,0,0,0,0,0,0,0,0,0,0,0,0,0,0,0,0,0,0,7,7,0
Vila Flor,0,0,0,8,0,8,8,8,0,0,0,0,0,0,0,0,0,0,0,0,0,0,0,0,0,0,0,8,8,0
TOTAL,0,0,0,4574,1583,3169,5436,4652,0,1976,1279,0,2978,1976,15,37,0,4,125,0,0,0,1279,0,1994,832,1527,8302,8302,0